<application>
  <component name="com.github.blarc.ai.commits.intellij.plugin.settings.AppSettings">
    <option name="currentPrompt">
      <Prompt>
        <option name="canBeChanged" value="false" />
        <option name="content" value="Prompt for commit message in the conventional commit convention." />
        <option name="description" value="Write a commit message in the conventional commit convention. I'll send you an output of 'git diff --staged' command, and you convert it into a commit message. Lines must not be longer than 74 characters. Use {locale} language to answer. End commit title with issue number if you can get it from the branch name: {branch} in parenthesis.&#10;{Use this hint to improve this commit message: $hint&#10;}{diff}" />
        <option name="name" value="Conventional" />
      </Prompt>
    </option>
    <option name="lastVersion" value="1.6.0" />
    <option name="openAIHost" value="https://oa.api2d.net/v1/" />
    <option name="openAIHosts">
      <set>
        <option value="https://api.openai.com/v1/" />
        <option value="https://oa.api2d.net/v1/" />
      </set>
    </option>
    <option name="locale" value="en-NU" />
  </component>
</application>