<application>
  <component name="aminer-codegeex">
    <option name="generateCommentLanguageEnum" value="zh-CN" />
    <option name="askCodegeexLanguageEnum" value="zh-CN" />
    <option name="askCodegeexThemeEnum" value="dark" />
    <option name="telemetryEnabled" value="true" />
    <option name="telemetryConfigured" value="true" />
    <option name="sessionId" value="a808d7cb-c58b-4487-a513-8aa2fd9ac329" />
    <option name="userId" value="f1680de07f434741beddd24c83b7c189" />
    <option name="userName" value="mocatao7" />
    <option name="email" value="moca_tao7@foxmail.com" />
    <option name="source" value="codeGeeX" />
    <option name="sourceId" value="f1680de07f434741beddd24c83b7c189" />
  </component>
</application>