<application>
  <component name="MaterialThemeNewConfig">
    <option name="accentState">
      <MTAccentConfigState>
        <option name="accentColorHex" value="d33682" />
        <option name="overrideAccentColor" value="false" />
      </MTAccentConfigState>
    </option>
    <option name="contrastState">
      <MTContrastConfigState>
        <option name="contrastMode" value="true" />
        <option name="highContrast" value="true" />
        <option name="highContrastValue" value="0" />
      </MTContrastConfigState>
    </option>
    <option name="customThemeState">
      <MTCustomThemeConfigState>
        <option name="colorScheme" value="Darcula" />
      </MTCustomThemeConfigState>
    </option>
    <option name="lightCustomThemeState">
      <MTLightCustomThemeConfigState>
        <option name="colorScheme" value="Darcula" />
      </MTLightCustomThemeConfigState>
    </option>
    <option name="metadata">
      <MTMetadataState>
        <option name="migrated" value="true" />
        <option name="pristineConfig" value="false" />
        <option name="userId" value="-317ab742:18fdc1cc6fd:-8000" />
        <option name="version" value="9.3.1" />
      </MTMetadataState>
    </option>
    <option name="tabsState">
      <MTTabsConfigState>
        <option name="tabsHeight" value="24" />
      </MTTabsConfigState>
    </option>
    <option name="themeState">
      <MTThemeConfigState>
        <option name="selectedThemeName" value="SOLARIZED_LIGHT" />
      </MTThemeConfigState>
    </option>
    <option name="titleBarState">
      <MTTitleBarConfigState>
        <option name="useColoredTitleBar" value="false" />
        <option name="useProjectIcon" value="false" />
        <option name="useProjectTitle" value="false" />
      </MTTitleBarConfigState>
    </option>
    <option name="uiComponentsState">
      <MTUiComponentsConfigState>
        <option name="accentScrollbars" value="false" />
        <option name="buttonRadius" value="0" />
        <option name="themedScrollbars" value="false" />
        <option name="upperCaseButtons" value="false" />
      </MTUiComponentsConfigState>
    </option>
  </component>
</application>