<application>
  <component name="MaterialThemeConfig">
    <option name="compactTables" value="true" />
    <option name="compactDropdowns" value="true" />
    <option name="isActiveBoldTab" value="true" />
    <option name="isCompactMenus" value="true" />
    <option name="isCompactStatusBar" value="true" />
    <option name="isCompactTables" value="true" />
    <option name="isCompactFields" value="true" />
    <option name="isHighContrast" value="true" />
    <option name="pristineConfig" value="false" />
    <option name="treeFontSizeEnabled" value="true" />
    <option name="tabFontSizeEnabled" value="true" />
    <option name="useShadows" value="true" />
    <option name="settingsSelectedTab" value="3" />
    <option name="accentColor" value="444b58" />
    <option name="selectedTheme" value="NATIVE" />
    <option name="userId" value="-5badcd31:18e9790ed2c:-8000" />
    <option name="version" value="8.13.2" />
  </component>
</application>